{
    "cameraMatrix": [
        [
            1786.2922576598176,
            0.0,
            762.5851330408889
        ],
        [
            0.0,
            1791.474465190969,
            614.3494174071536
        ],
        [
            0.0,
            0.0,
            1.0
        ]
    ],
    "distCoeffs": [
        [
            -0.09866100387000958,
            0.1960976672833626,
            0.0018367496153316844,
            0.0039041760075431095,
            -0.26170386022703684
        ]
    ]
}